imageWrapperWrapper src,price,nameTextWithEllipsis,subText
https://chaldn.com/_mpimage/odomos-mosquito-repellent-cream-50-gm?src=https%3A%2F%2Feggyolk.chaldal.com%2Fapi%2FPicture%2FRaw%3FpictureId%3D131517&q=best&v=1&m=400&m=400&webp=1,145,Odomos Mosquito Repellent Cream,50 gm
https://chaldn.com/_mpimage/bosny-non-poisonous-rat-glue-400-ml?src=https%3A%2F%2Feggyolk.chaldal.com%2Fapi%2FPicture%2FRaw%3FpictureId%3D126144&q=best&v=1&m=400&webp=1,570,Bosny Non Poisonous Rat Glue,400 ml
https://chaldn.com/_mpimage/mortein-mosquito-repellent-insta-vaporizer-machine-refill-1-pcs?src=https%3A%2F%2Feggyolk.chaldal.com%2Fapi%2FPicture%2FRaw%3FpictureId%3D168783&q=best&v=1&m=400&webp=1,220,Mortein Mosquito Repellent Insta Vaporizer (Machine + Refill),each
https://chaldn.com/_mpimage/black-hit-anti-mosquito-swatter-racquet-1-pcs?src=https%3A%2F%2Feggyolk.chaldal.com%2Fapi%2FPicture%2FRaw%3FpictureId%3D140664&q=best&v=1&m=400&m=400&webp=1,650,Black Hit Anti Mosquito Swatter Racquet,each
https://chaldn.com/_mpimage/godrej-good-knight-power-activ-machine-refill-1-pcs?src=https%3A%2F%2Feggyolk.chaldal.com%2Fapi%2FPicture%2FRaw%3FpictureId%3D168989&q=best&v=1&m=400&webp=1,180,Godrej Good Knight Power Activ+ (Machine + Refill),each
https://chaldn.com/_mpimage/vaseline-mosquito-defence-lotion-100-ml?src=https%3A%2F%2Feggyolk.chaldal.com%2Fapi%2FPicture%2FRaw%3FpictureId%3D165256&q=best&v=1&m=400&m=400&webp=1,200,Vaseline Mosquito Defence Lotion,100 ml
https://chaldn.com/_mpimage/night-queen-magic-mosquito-net-size-6x7-free-usb-led-lamp-1-pcs?src=https%3A%2F%2Feggyolk.chaldal.com%2Fapi%2FPicture%2FRaw%3FpictureId%3D115296&q=best&v=1&m=400&webp=1,859,Night Queen Magic Mosquito Net (Size 6'X7') Free USB LED Lamp,each
https://chaldn.com/_mpimage/finis-rat-killer-50-gm?src=https%3A%2F%2Feggyolk.chaldal.com%2Fapi%2FPicture%2FRaw%3FpictureId%3D164855&q=best&v=1&m=400&webp=1,20,Finis Rat Killer,50 gm
https://chaldn.com/_mpimage/godrej-good-knight-fabric-roll-on-citrus-8-ml?src=https%3A%2F%2Feggyolk.chaldal.com%2Fapi%2FPicture%2FRaw%3FpictureId%3D149214&q=best&v=1&m=400&webp=1,170,Godrej Good Knight Fabric Roll On (Citrus),8 ml
https://chaldn.com/_mpimage/godrej-good-knight-gold-flash-liquid-vapouriser-machine-1-pcs?src=https%3A%2F%2Feggyolk.chaldal.com%2Fapi%2FPicture%2FRaw%3FpictureId%3D114976&q=best&v=1&m=400&webp=1,180,Godrej Good Knight Gold Flash Liquid Vapouriser Machine,each
https://chaldn.com/_mpimage/yage-electronic-mosquito-swatter-white-pink-1-pcs?src=https%3A%2F%2Feggyolk.chaldal.com%2Fapi%2FPicture%2FRaw%3FpictureId%3D149265&q=best&v=1&m=400&webp=1,719,Yage Electronic Mosquito Swatter (White & Pink),each
https://chaldn.com/_mpimage/odomos-mosquito-repellent-cream-100-gm?src=https%3A%2F%2Feggyolk.chaldal.com%2Fapi%2FPicture%2FRaw%3FpictureId%3D105240&q=best&v=1&m=400&webp=1,260,Odomos Mosquito Repellent Cream,100 gm
https://chaldn.com/_mpimage/xpel-kids-spray-lotion-twin-set-1-pcs?src=https%3A%2F%2Feggyolk.chaldal.com%2Fapi%2FPicture%2FRaw%3FpictureId%3D47184&q=best&v=1&m=400&webp=1,550,Xpel Kids Spray & Lotion Twin Set,each
https://chaldn.com/_mpimage/yage-electronic-mosquito-swatter-white-blue-1-pcs?src=https%3A%2F%2Feggyolk.chaldal.com%2Fapi%2FPicture%2FRaw%3FpictureId%3D149266&q=best&v=1&m=400&m=400&webp=1,799,Yage Electronic Mosquito Swatter (White & Blue),each
https://chaldn.com/_mpimage/weidasi-multifunction-electric-mosquito-swatter-with-led-light-and-charger-orange-1-pcs?src=https%3A%2F%2Feggyolk.chaldal.com%2Fapi%2FPicture%2FRaw%3FpictureId%3D125146&q=best&v=1&m=400&m=400&webp=1,719,Weidasi Multifunction Electric Mosquito Swatter With Led Light And Charger (Orange),each
https://chaldn.com/_mpimage/finis-snake-repellent-chemical-40-ml?src=https%3A%2F%2Feggyolk.chaldal.com%2Fapi%2FPicture%2FRaw%3FpictureId%3D161355&q=best&v=1&m=400&webp=1,95,Finis Snake Repellent Chemical,40 ml
https://chaldn.com/_mpimage/yage-electronic-mosquito-swatter-paste-1-pcs?src=https%3A%2F%2Feggyolk.chaldal.com%2Fapi%2FPicture%2FRaw%3FpictureId%3D140404&q=best&v=1&m=400&webp=1,799,Yage Electronic Mosquito Swatter (Paste),each
https://chaldn.com/_mpimage/godrej-good-knight-fabric-roll-on-bubblegum-8-ml?src=https%3A%2F%2Feggyolk.chaldal.com%2Fapi%2FPicture%2FRaw%3FpictureId%3D141547&q=best&v=1&m=400&m=400&webp=1,170,Godrej Good Knight Fabric Roll On (Bubblegum),8 ml
https://chaldn.com/_mpimage/finis-liquid-spray-400-ml?src=https%3A%2F%2Feggyolk.chaldal.com%2Fapi%2FPicture%2FRaw%3FpictureId%3D184854&q=best&v=1&m=400&m=400&webp=1,160,Finis Liquid Spray,400 ml
https://chaldn.com/_mpimage/black-hit-anti-mosquito-lime-fresh-aerosol-200-ml?src=https%3A%2F%2Feggyolk.chaldal.com%2Fapi%2FPicture%2FRaw%3FpictureId%3D180907&q=best&v=1&m=400&m=400&webp=1,225,Black Hit Anti Mosquito Lime Fresh Aerosol,200 ml
https://chaldn.com/_mpimage/black-hit-anti-mosquito-aerosol-spray-lime-475-ml?src=https%3A%2F%2Feggyolk.chaldal.com%2Fapi%2FPicture%2FRaw%3FpictureId%3D130214&q=best&v=1&m=400&webp=1,375,Black Hit Anti Mosquito Aerosol Spray Lime,475 ml
https://chaldn.com/_mpimage/hit-chalk-kills-cockroach-15-gm?src=https%3A%2F%2Feggyolk.chaldal.com%2Fapi%2FPicture%2FRaw%3FpictureId%3D103667&q=best&v=1&m=400&webp=1,30,Hit Chalk Kills Cockroach,15 gm
https://chaldn.com/_mpimage/mortein-mosquito-repellent-insta-vaporizer-refill-45-ml?src=https%3A%2F%2Feggyolk.chaldal.com%2Fapi%2FPicture%2FRaw%3FpictureId%3D168844&q=best&v=1&m=400&webp=1,130,Mortein Mosquito Repellent Insta Vaporizer Refill,45 ml
https://chaldn.com/_mpimage/goodknight-liquid-mosquito-repellent-refill-45-ml?src=https%3A%2F%2Feggyolk.chaldal.com%2Fapi%2FPicture%2FRaw%3FpictureId%3D158216&q=best&v=1&m=400&webp=1,130,GoodKnight Liquid Mosquito Repellent Refill,45 ml
https://chaldn.com/_mpimage/xpel-dual-action-aerosol-475-ml?src=https%3A%2F%2Feggyolk.chaldal.com%2Fapi%2FPicture%2FRaw%3FpictureId%3D185667&q=best&v=1&m=400&webp=1,415,Xpel Dual Action Aerosol,475 ml
https://chaldn.com/_mpimage/godrej-new-hit-cockroaches-spray-400-ml?src=https%3A%2F%2Feggyolk.chaldal.com%2Fapi%2FPicture%2FRaw%3FpictureId%3D152402&q=best&v=1&m=400&webp=1,350,Godrej New Hit Cockroaches Spray,400 ml
https://chaldn.com/_mpimage/godrej-good-knight-turbo-machine-refill-45ml-1-pcs?src=https%3A%2F%2Feggyolk.chaldal.com%2Fapi%2FPicture%2FRaw%3FpictureId%3D129031&q=best&v=1&m=400&webp=1,225,Godrej Good Knight Turbo (Machine + Refill 45ml),each
https://chaldn.com/_mpimage/black-hit-anti-mosquito-aerosol-spray-lime-fresh-800-ml?src=https%3A%2F%2Feggyolk.chaldal.com%2Fapi%2FPicture%2FRaw%3FpictureId%3D127457&q=best&v=1&m=400&webp=1,620,Black Hit Anti Mosquito Aerosol Spray Lime Fresh,800 ml
https://chaldn.com/_mpimage/baoma-mosquito-coil-10-pcs?src=https%3A%2F%2Feggyolk.chaldal.com%2Fapi%2FPicture%2FRaw%3FpictureId%3D125389&q=best&v=1&m=400&m=400&webp=1,120,Baoma Mosquito Coil,10 pcs
https://chaldn.com/_mpimage/finis-insect-powder-100-gm?src=https%3A%2F%2Feggyolk.chaldal.com%2Fapi%2FPicture%2FRaw%3FpictureId%3D172895&q=best&v=1&m=400&webp=1,45,Finis Insect Powder,100 gm
https://chaldn.com/_mpimage/finis-max-jumbo-mosquito-coil-10-pcs?src=https%3A%2F%2Feggyolk.chaldal.com%2Fapi%2FPicture%2FRaw%3FpictureId%3D157804&q=best&v=1&m=400&webp=1,60,Finis Max Jumbo Mosquito Coil,10 pcs
https://chaldn.com/_mpimage/mortein-2-in-1-mosquito-cockroach-killer-aerosol-spray-400-ml?src=https%3A%2F%2Feggyolk.chaldal.com%2Fapi%2FPicture%2FRaw%3FpictureId%3D176999&q=best&v=1&m=400&webp=1,415,Mortein 2 in 1 Mosquito & Cockroach Killer Aerosol Spray,400 ml
https://chaldn.com/_mpimage/godrej-fresh-fragrance-new-hit-cockroaches-aerosol-red-200-ml?src=https%3A%2F%2Feggyolk.chaldal.com%2Fapi%2FPicture%2FRaw%3FpictureId%3D181250&q=best&v=1&m=400&webp=1,200,Godrej Fresh Fragrance New Hit Cockroaches Aerosol (Red),200 ml
https://chaldn.com/_mpimage/finis-insect-powder-80-gm?src=https%3A%2F%2Feggyolk.chaldal.com%2Fapi%2FPicture%2FRaw%3FpictureId%3D164854&q=best&v=1&m=400&webp=1,40,Finis Insect Powder,80 gm
https://chaldn.com/_mpimage/baoma-mosquito-coil-micro-smoke-10-pcs?src=https%3A%2F%2Feggyolk.chaldal.com%2Fapi%2FPicture%2FRaw%3FpictureId%3D103817&q=best&v=1&m=400&webp=1,95,Baoma Mosquito Coil (Micro Smoke),10 pcs
https://chaldn.com/_mpimage/godrej-red-hit-cockroaches-spray-fresh-fragrance-625-ml?src=https%3A%2F%2Feggyolk.chaldal.com%2Fapi%2FPicture%2FRaw%3FpictureId%3D110126&q=best&v=1&m=400&webp=1,500,Godrej Red Hit Cockroaches Spray Fresh Fragrance,625 ml
https://chaldn.com/_mpimage/aci-cockroach-spray-400-ml?src=https%3A%2F%2Feggyolk.chaldal.com%2Fapi%2FPicture%2FRaw%3FpictureId%3D64607&q=best&v=1&m=400&webp=1,350,ACI Cockroach Spray,400 ml
https://chaldn.com/_mpimage/finis-booster-mosquito-coil-10-pcs?src=https%3A%2F%2Feggyolk.chaldal.com%2Fapi%2FPicture%2FRaw%3FpictureId%3D164514&q=best&v=1&m=400&webp=1,60,Finis Booster Mosquito Coil,10 pcs
https://chaldn.com/_mpimage/aci-aerosol-insect-spray-250-ml?src=https%3A%2F%2Feggyolk.chaldal.com%2Fapi%2FPicture%2FRaw%3FpictureId%3D141667&q=best&v=1&m=400&webp=1,250,ACI Aerosol Insect Spray,250 ml
https://chaldn.com/_mpimage/aci-aerosol-insect-spray-475-ml?src=https%3A%2F%2Feggyolk.chaldal.com%2Fapi%2FPicture%2FRaw%3FpictureId%3D125122&q=best&v=1&m=400&webp=1,415,ACI Aerosol Insect Spray,475 ml
https://chaldn.com/_mpimage/baoma-mosquito-coil-no-smoke-10-pcs?src=https%3A%2F%2Feggyolk.chaldal.com%2Fapi%2FPicture%2FRaw%3FpictureId%3D103818&q=best&v=1&m=400&webp=1,135,Baoma Mosquito Coil (No smoke),10 pcs
https://chaldn.com/_mpimage/finis-insect-powder-40-gm?src=https%3A%2F%2Feggyolk.chaldal.com%2Fapi%2FPicture%2FRaw%3FpictureId%3D172894&q=best&v=1&m=400&webp=1,30,Finis Insect Powder,40 gm
https://chaldn.com/_mpimage/aci-aerosol-insect-spray-jumbo-800-ml?src=https%3A%2F%2Feggyolk.chaldal.com%2Fapi%2FPicture%2FRaw%3FpictureId%3D122782&q=best&v=1&m=400&webp=1,620,ACI Aerosol Insect Spray Jumbo,800 ml
https://chaldn.com/_mpimage/finis-black-booster-mosquito-coil-10-pcs?src=https%3A%2F%2Feggyolk.chaldal.com%2Fapi%2FPicture%2FRaw%3FpictureId%3D164515&q=best&v=1&m=400&webp=1,60,Finis Black Booster Mosquito Coil,10 pcs
https://chaldn.com/_mpimage/xpel-kids-mosquito-bands-twin-pack-1-pcs?src=https%3A%2F%2Feggyolk.chaldal.com%2Fapi%2FPicture%2FRaw%3FpictureId%3D47182&q=best&v=1&m=400&m=400&webp=1,350,Xpel Kids Mosquito Bands Twin Pack,each
https://chaldn.com/_mpimage/godrej-good-knight-advanced-xpress-coil-10-pcs?src=https%3A%2F%2Feggyolk.chaldal.com%2Fapi%2FPicture%2FRaw%3FpictureId%3D114973&q=best&v=1&m=400&m=400&webp=1,84,Godrej Good Knight Advanced Xpress Coil,10 pcs
