imageWrapperWrapper src,price,nameTextWithEllipsis,productV2discountedPrice
https://chaldn.com/_mpimage/fresh-campus-4b-pencil-66-gm-12-pcs?src=https%3A%2F%2Feggyolk.chaldal.com%2Fapi%2FPicture%2FRaw%3FpictureId%3D113039&q=best&v=1&m=400&m=400&webp=1,120,Fresh Campus 4B Pencil 66 gm,
https://chaldn.com/_mpimage/fresh-campus-2b-pencil-68-gm-12-pcs?src=https%3A%2F%2Feggyolk.chaldal.com%2Fapi%2FPicture%2FRaw%3FpictureId%3D113037&q=best&v=1&m=400&webp=1,120,Fresh Campus 2B Pencil 68 gm,
https://chaldn.com/_mpimage/faber-castell-pencil-2b-12-pcs?src=https%3A%2F%2Feggyolk.chaldal.com%2Fapi%2FPicture%2FRaw%3FpictureId%3D127090&q=best&v=1&m=400&webp=1,200,Faber Castell Pencil 2B,
https://chaldn.com/_mpimage/faber-castell-pencil-hb-gold-faber-12-pcs?src=https%3A%2F%2Feggyolk.chaldal.com%2Fapi%2FPicture%2FRaw%3FpictureId%3D127089&q=best&v=1&m=400&webp=1,320,Faber Castell Pencil HB (Gold Faber),
https://chaldn.com/_mpimage/faber-castell-hb-pencil-with-eraser-12-pcs?src=https%3A%2F%2Feggyolk.chaldal.com%2Fapi%2FPicture%2FRaw%3FpictureId%3D128271&q=best&v=1&m=400&webp=1,330,Faber Castell HB pencil (with Eraser),249
https://chaldn.com/_mpimage/matador-i-teen-2b-pencil-12-pcs?src=https%3A%2F%2Feggyolk.chaldal.com%2Fapi%2FPicture%2FRaw%3FpictureId%3D35105&q=low&v=1&m=400&webp=1,120,Matador I-Teen 2B Pencil,
https://chaldn.com/_mpimage/joytiti-black-lead-pencil-2b-12-pcs?src=https%3A%2F%2Feggyolk.chaldal.com%2Fapi%2FPicture%2FRaw%3FpictureId%3D126469&q=best&v=1&m=400&m=400&webp=1,169,Joytiti Black Lead Pencil 2B,
https://chaldn.com/_mpimage/faber-castell-red-matt-pencil-hb-12-pcs?src=https%3A%2F%2Feggyolk.chaldal.com%2Fapi%2FPicture%2FRaw%3FpictureId%3D95633&q=best&v=1&m=400&webp=1,200,Faber Castell Red Matt Pencil HB,156
https://chaldn.com/_mpimage/deli-2b-graphite-pencil-u20200-12-pcs?src=https%3A%2F%2Feggyolk.chaldal.com%2Fapi%2FPicture%2FRaw%3FpictureId%3D103609&q=best&v=1&m=400&webp=1,75,Deli 2B Graphite Pencil (U20200),
https://chaldn.com/_mpimage/joytiti-black-lead-pencil-hb-12-pcs?src=https%3A%2F%2Feggyolk.chaldal.com%2Fapi%2FPicture%2FRaw%3FpictureId%3D126470&q=best&v=1&m=400&webp=1,139,Joytiti Black Lead Pencil HB,
https://chaldn.com/_mpimage/deli-correction-pen-cover-up-white-8-ml-1-pcs?src=https%3A%2F%2Feggyolk.chaldal.com%2Fapi%2FPicture%2FRaw%3FpictureId%3D131579&q=best&v=1&m=400&m=400&webp=1,80,Deli Correction Pen Cover Up (White) 8 ml,each
https://chaldn.com/_mpimage/deli-correction-pen-7-ml-1-pcs?src=https%3A%2F%2Feggyolk.chaldal.com%2Fapi%2FPicture%2FRaw%3FpictureId%3D103650&q=best&v=1&m=400&webp=1,80,Deli Correction Pen 7 ml,each
https://chaldn.com/_mpimage/deli-desk-accessories-1-set?src=https%3A%2F%2Feggyolk.chaldal.com%2Fapi%2FPicture%2FRaw%3FpictureId%3D97765&q=best&v=1&m=400&m=400&webp=1,219,Deli Desk Accessories 1 Set,
https://chaldn.com/_mpimage/montex-hy-speed-gel-pen-5-pcs?src=https%3A%2F%2Feggyolk.chaldal.com%2Fapi%2FPicture%2FRaw%3FpictureId%3D130833&q=best&v=1&m=400&webp=1,99,Montex Hy-Speed Gel Pen,5 pcs
https://chaldn.com/_mpimage/matador-pencilic-pen-12-pcs?src=https%3A%2F%2Feggyolk.chaldal.com%2Fapi%2FPicture%2FRaw%3FpictureId%3D99373&q=best&v=1&m=400&webp=1,72,Matador Pencilic Pen,12 pcs
https://chaldn.com/_mpimage/fresh-classroom-ball-pen-12-pcs?src=https%3A%2F%2Feggyolk.chaldal.com%2Fapi%2FPicture%2FRaw%3FpictureId%3D128606&q=best&v=1&m=400&m=400&webp=1,60,Fresh Classroom Ball Pen,12 pcs
https://chaldn.com/_mpimage/fresh-sailor-ball-pen-12-pcs?src=https%3A%2F%2Feggyolk.chaldal.com%2Fapi%2FPicture%2FRaw%3FpictureId%3D99392&q=best&v=1&m=400&webp=1,60,Fresh Sailor Ball Pen,12 pcs
https://chaldn.com/_mpimage/matador-i-teen-pen-6-pcs?src=https%3A%2F%2Feggyolk.chaldal.com%2Fapi%2FPicture%2FRaw%3FpictureId%3D99358&q=best&v=1&m=400&webp=1,60,Matador I-Teen Pen,6 pcs
https://chaldn.com/_mpimage/econo-exam-ball-pen-6-pcs?src=https%3A%2F%2Feggyolk.chaldal.com%2Fapi%2FPicture%2FRaw%3FpictureId%3D50428&q=best&v=1&m=400&m=400&webp=1,60,Econo Exam Ball Pen,6 pcs
https://chaldn.com/_mpimage/econo-soft-grip-ball-pen-10-pcs?src=https%3A%2F%2Feggyolk.chaldal.com%2Fapi%2FPicture%2FRaw%3FpictureId%3D108280&q=best&v=1&m=400&m=400&webp=1,100,Econo Soft Grip Ball Pen,10 pcs
https://chaldn.com/_mpimage/deli-correction-pen-quick-drying-8-ml-1-pcs?src=https%3A%2F%2Feggyolk.chaldal.com%2Fapi%2FPicture%2FRaw%3FpictureId%3D99368&q=best&v=1&m=400&m=400&webp=1,55,Deli Correction Pen Quick Drying 8 ml,each
https://chaldn.com/_mpimage/pencil-sharpner-94529-1-pcs?src=https%3A%2F%2Feggyolk.chaldal.com%2Fapi%2FPicture%2FRaw%3FpictureId%3D153446&q=best&v=1&m=400&webp=1,19,Pencil Sharpner (94529),each
https://chaldn.com/_mpimage/rfl-good-luck-premio-eraser-1-pcs?src=https%3A%2F%2Feggyolk.chaldal.com%2Fapi%2FPicture%2FRaw%3FpictureId%3D99414&q=best&v=1&m=400&webp=1,15,RFL Good Luck Premio Eraser,each
https://chaldn.com/_mpimage/deli-premium-plastic-eraser-1-pcs?src=https%3A%2F%2Feggyolk.chaldal.com%2Fapi%2FPicture%2FRaw%3FpictureId%3D152962&q=best&v=1&m=400&webp=1,15,Deli Premium Plastic Eraser,each
https://chaldn.com/_mpimage/rfl-good-luck-super-eraser-1-pcs?src=https%3A%2F%2Feggyolk.chaldal.com%2Fapi%2FPicture%2FRaw%3FpictureId%3D97343&q=best&v=1&m=400&webp=1,10,RFL Good Luck Super Eraser,each
https://chaldn.com/_mpimage/deli-whiteboard-eraser-grey-1-pcs?src=https%3A%2F%2Feggyolk.chaldal.com%2Fapi%2FPicture%2FRaw%3FpictureId%3D97959&q=best&v=1&m=400&m=400&webp=1,50,Deli Whiteboard Eraser (Grey),each
https://chaldn.com/_mpimage/rfl-good-luck-duster-blue-1-pcs?src=https%3A%2F%2Feggyolk.chaldal.com%2Fapi%2FPicture%2FRaw%3FpictureId%3D97009&q=best&v=1&m=400&webp=1,35,RFL Good Luck Duster Blue,each
https://chaldn.com/_mpimage/faber-castell-non-dust-eraser-medium-20-pcs?src=https%3A%2F%2Feggyolk.chaldal.com%2Fapi%2FPicture%2FRaw%3FpictureId%3D99412&q=best&v=1&m=400&m=400&webp=1,155,Faber Castell Non Dust Eraser Medium,20 pcs
https://chaldn.com/_mpimage/rfl-good-luck-sharpener-gugli-1-pcs?src=https%3A%2F%2Feggyolk.chaldal.com%2Fapi%2FPicture%2FRaw%3FpictureId%3D97416&q=best&v=1&m=400&m=400&webp=1,6,RFL Good Luck Sharpener Gugli,each
https://chaldn.com/_mpimage/rfl-good-luck-duster-red-1-pcs?src=https%3A%2F%2Feggyolk.chaldal.com%2Fapi%2FPicture%2FRaw%3FpictureId%3D133221&q=best&v=1&m=400&m=400&webp=1,30,RFL Good Luck Duster Red,each
https://chaldn.com/_mpimage/horse-refill-ink-for-stamp-pad-30-cc-violet-1-pcs?src=https%3A%2F%2Feggyolk.chaldal.com%2Fapi%2FPicture%2FRaw%3FpictureId%3D95399&q=best&v=1&m=400&webp=1,71,Horse Refill Ink For Stamp Pad 30 cc (Violet),
https://chaldn.com/_mpimage/printex-laser-toner-cartridge-79a-1-pcs?src=https%3A%2F%2Feggyolk.chaldal.com%2Fapi%2FPicture%2FRaw%3FpictureId%3D99364&q=best&v=1&m=400&webp=1,1209,Printex Laser Toner Cartridge (79A),
https://chaldn.com/_mpimage/horse-stamp-pad-un-ink-1-pcs?src=https%3A%2F%2Feggyolk.chaldal.com%2Fapi%2FPicture%2FRaw%3FpictureId%3D95398&q=best&v=1&m=400&webp=1,179,Horse Stamp Pad (UN-Ink),
https://chaldn.com/_mpimage/printex-laser-toner-cartridge-85a-1-pcs?src=https%3A%2F%2Feggyolk.chaldal.com%2Fapi%2FPicture%2FRaw%3FpictureId%3D99359&q=best&v=1&m=400&webp=1,999,Printex Laser Toner Cartridge (85A),
https://chaldn.com/_mpimage/printex-laser-toner-cartridge-48a-1-pcs?src=https%3A%2F%2Feggyolk.chaldal.com%2Fapi%2FPicture%2FRaw%3FpictureId%3D99353&q=best&v=1&m=400&webp=1,2459,Printex Laser Toner Cartridge (48A),
https://chaldn.com/_mpimage/visa-laser-toner-cartridge-48a-1-pcs?src=https%3A%2F%2Feggyolk.chaldal.com%2Fapi%2FPicture%2FRaw%3FpictureId%3D99366&q=best&v=1&m=400&webp=1,1999,Visa Laser Toner Cartridge (48A),
https://chaldn.com/_mpimage/visa-laser-toner-cartridge-79a-1-pcs?src=https%3A%2F%2Feggyolk.chaldal.com%2Fapi%2FPicture%2FRaw%3FpictureId%3D99361&q=best&v=1&m=400&webp=1,839,Visa Laser Toner Cartridge (79A),
https://chaldn.com/_mpimage/visa-laser-toner-cartridge-285a-p1102-1-pcs?src=https%3A%2F%2Feggyolk.chaldal.com%2Fapi%2FPicture%2FRaw%3FpictureId%3D33928&q=best&v=1&m=400&webp=1,929,Visa Laser Toner Cartridge (285A - P1102),
https://chaldn.com/_mpimage/deli-liquid-highlighter-chisel-tip-yellow-1-pcs?src=https%3A%2F%2Feggyolk.chaldal.com%2Fapi%2FPicture%2FRaw%3FpictureId%3D127608&q=best&v=1&m=400&m=400&webp=1,35,Deli Liquid Highlighter Chisel Tip (Yellow),
https://chaldn.com/_mpimage/faber-castell-highlighter-marker-orange-1-pcs?src=https%3A%2F%2Feggyolk.chaldal.com%2Fapi%2FPicture%2FRaw%3FpictureId%3D99398&q=best&v=1&m=400&webp=1,45,Faber Castell Highlighter Marker (Orange),
https://chaldn.com/_mpimage/faber-castell-highlighter-marker-nion-red-1-pcs?src=https%3A%2F%2Feggyolk.chaldal.com%2Fapi%2FPicture%2FRaw%3FpictureId%3D141980&q=best&v=1&m=400&webp=1,79,Faber Castell Highlighter Marker (Nion Red),
https://chaldn.com/_mpimage/faber-castell-highlighter-marker-blue-1-pcs?src=https%3A%2F%2Feggyolk.chaldal.com%2Fapi%2FPicture%2FRaw%3FpictureId%3D109058&q=best&v=1&m=400&webp=1,45,Faber Castell Highlighter Marker (Blue),
https://chaldn.com/_mpimage/faber-castell-highlighter-marker-green-1-pcs?src=https%3A%2F%2Feggyolk.chaldal.com%2Fapi%2FPicture%2FRaw%3FpictureId%3D99397&q=best&v=1&m=400&webp=1,45,Faber Castell Highlighter Marker (Green),
https://chaldn.com/_mpimage/faber-castell-highlighter-marker-yellow-1-pcs?src=https%3A%2F%2Feggyolk.chaldal.com%2Fapi%2FPicture%2FRaw%3FpictureId%3D99401&q=best&v=1&m=400&m=400&webp=1,45,Faber Castell Highlighter Marker (Yellow),
https://chaldn.com/_mpimage/red-leaf-303-flourescent-highlighter-lemon-1-pcs?src=https%3A%2F%2Feggyolk.chaldal.com%2Fapi%2FPicture%2FRaw%3FpictureId%3D132645&q=best&v=1&m=400&webp=1,59,Red Leaf 303 Flourescent Highlighter (Lemon),
https://chaldn.com/_mpimage/red-leaf-303-flourescent-highlighter-blue-1-pcs?src=https%3A%2F%2Feggyolk.chaldal.com%2Fapi%2FPicture%2FRaw%3FpictureId%3D132641&q=best&v=1&m=400&webp=1,59,Red Leaf 303 Flourescent Highlighter (Blue),
https://chaldn.com/_mpimage/faber-castell-connector-pen-15-color-1-pcs?src=https%3A%2F%2Feggyolk.chaldal.com%2Fapi%2FPicture%2FRaw%3FpictureId%3D128265&q=best&v=1&m=400&m=400&webp=1,150,Faber Castell Connector Pen 15 Color,
https://chaldn.com/_mpimage/red-leaf-white-board-marker-pen-black-1-pcs?src=https%3A%2F%2Feggyolk.chaldal.com%2Fapi%2FPicture%2FRaw%3FpictureId%3D99404&q=best&v=1&m=400&webp=1,139,Red Leaf White Board Marker Pen (Black),
https://chaldn.com/_mpimage/red-leaf-white-board-marker-pen-737-black-1-pcs?src=https%3A%2F%2Feggyolk.chaldal.com%2Fapi%2FPicture%2FRaw%3FpictureId%3D126124&q=best&v=1&m=400&m=400&webp=1,139,Red Leaf White Board Marker Pen 737 (Black),
https://chaldn.com/_mpimage/rfl-good-luck-permanent-marker-red-glpm-003-1-pcs?src=https%3A%2F%2Feggyolk.chaldal.com%2Fapi%2FPicture%2FRaw%3FpictureId%3D97399&q=best&v=1&m=400&webp=1,35,RFL Good Luck Permanent Marker Red (GLPM 003),
https://chaldn.com/_mpimage/red-leaf-303-flourescent-highlighter-pink-1-pcs?src=https%3A%2F%2Feggyolk.chaldal.com%2Fapi%2FPicture%2FRaw%3FpictureId%3D132647&q=best&v=1&m=400&webp=1,59,Red Leaf 303 Flourescent Highlighter (Pink),
https://chaldn.com/_mpimage/red-leaf-303-flourescent-highlighter-green-1-pcs?src=https%3A%2F%2Feggyolk.chaldal.com%2Fapi%2FPicture%2FRaw%3FpictureId%3D132642&q=best&v=1&m=400&webp=1,59,Red Leaf 303 Flourescent Highlighter (Green),
https://chaldn.com/_mpimage/faber-castell-highlighter-marker-pink-1-pcs?src=https%3A%2F%2Feggyolk.chaldal.com%2Fapi%2FPicture%2FRaw%3FpictureId%3D99399&q=best&v=1&m=400&webp=1,45,Faber Castell Highlighter Marker (Pink),
https://chaldn.com/_mpimage/red-leaf-303-flourescent-highlighter-orange-1-pcs?src=https%3A%2F%2Feggyolk.chaldal.com%2Fapi%2FPicture%2FRaw%3FpictureId%3D132646&q=best&v=1&m=400&webp=1,59,Red Leaf 303 Flourescent Highlighter (Orange),
https://chaldn.com/_mpimage/red-leaf-707-permanent-marker-red-1-pcs?src=https%3A%2F%2Feggyolk.chaldal.com%2Fapi%2FPicture%2FRaw%3FpictureId%3D126126&q=best&v=1&m=400&webp=1,79,Red Leaf 707 Permanent Marker (Red),
https://chaldn.com/_mpimage/red-leaf-707-permanent-marker-black-1-pcs?src=https%3A%2F%2Feggyolk.chaldal.com%2Fapi%2FPicture%2FRaw%3FpictureId%3D110524&q=best&v=1&m=400&m=400&webp=1,109,Red Leaf 707 Permanent Marker (Black),
https://chaldn.com/_mpimage/red-leaf-707-permanent-marker-blue-1-pcs?src=https%3A%2F%2Feggyolk.chaldal.com%2Fapi%2FPicture%2FRaw%3FpictureId%3D126125&q=best&v=1&m=400&m=400&webp=1,79,Red Leaf 707 Permanent Marker (Blue),
